channel_title,long_trending_count
The Late Show with Stephen Colbert,38
WWE,35
Late Night with Seth Meyers,33
The Late Late Show with James Corden,31
TheEllenShow,30
Jimmy Kimmel Live,29
Screen Junkies,27
Netflix,25
BuzzFeedVideo,23
ESPN,23
CNN,23
The Tonight Show Starring Jimmy Fallon,22
Warner Bros. Pictures,21
Saturday Night Live,21
Tom Scott,21
First We Feast,20
Vox,20
Vogue,20
BBC Radio 1,20
BBC News,19
Star Wars,19
WIRED,19
Movieclips Trailers,19
Tasty,19
CollegeHumor,19
TED-Ed,19
Breakfast Club Power 105.1 FM,19
Life Noggin,18
HellthyJunkFood,18
NBA,18
Bon Appétit,18
FBE,18
jacksfilms,18
SciShow,17
Watch What Happens Live with Andy Cohen,17
TODAY,16
Great Big Story,16
SMTOWN,16
The King of Random,16
Amit Bhadana,16
The Voice,16
Good Mythical Morning,16
Marvel Entertainment,16
TMZSports,16
The View,15
Safiya Nygaard,15
E! Entertainment,15
Vanity Fair,15
20th Century Fox,15
The Graham Norton Show,15
INSIDER,15
IGN,15
NBC News,15
Goldmines Telefilms,15
LShokeen Films,15
Marques Brownlee,15
The Slow Mo Guys,14
Dude Perfect,14
NFL,14
Be YouNick,14
Team Coco,14
TMZ,14
HBO,14
IISuperwomanII,14
CrazyRussianHacker,14
Brave Wilderness,14
Inside Edition,13
Complex,13
American Idol,13
ABC News,13
Washington Post,13
Smosh,13
Speed Records,13
Simon's Cat,13
AsapSCIENCE,13
Entertainment Tonight,12
RedLetterMedia,12
CaseyNeistat,12
The Film Theorists,12
James Charles,12
The Dodo,12
jypentertainment,12
PewDiePie,12
The Verge,12
RealSHIT,12
The White House,12
Full Frontal with Samantha Bee,12
Hannah Stocking,12
CinemaSins,12
GQ,12
ONE Media,11
Nintendo,11
BuzzFeedBlue,11
Jenny Nicholson,11
Wendy Williams,11
Sony Pictures Entertainment,11
Hasley India,11
ashish chanchlani vines,11
REACT,10
Rishhsome,10
ExplosmEntertainment,10
William Osman,10
Cut,10
WOWPresents,10
Will Smith,10
WORLDSTARHIPHOP,10
Humble Music,10
Fleur DeForce,10
Atlantic Records,10
Harsh Beniwal,10
Binging with Babish,10
nigahiga,10
CJENMMUSIC Official,9
Tanya Burr,9
Half as Interesting,9
Matt Stonie,9
Marzia,9
Sprinkleofglitter,9
Grace Helbig,9
Rosanna Pansino,9
CBS This Morning,9
KathleenLights,9
Kurzgesagt – In a Nutshell,9
Tati,9
Zee Music Company,9
Lele Pons,9
You Suck At Cooking,9
itsAlexClark,9
Nerdwriter1,9
Fox News,9
iJustine,9
Jeremy Jahns,9
vlogbrothers,9
Amelia Liana,9
1theK (원더케이),9
The Game Theorists,9
The New York Times,9
Britain's Got Talent,9
Guardian News,9
Universal Pictures,9
LOL Network,9
T-Series,9
YRF,9
Geet MP3,9
MostlySane,8
Lily Pebbles,8
Good Morning America,8
PTXofficial,8
FC Barcelona,8
The Real Daytime,8
DAHIYA FILMS,8
Bad Lip Reading,8
EminemVEVO,8
How To Cake It,8
Paramount Pictures,8
Charlie Puth,8
Mike Boyd,8
TIME,8
T-Series Apna Punjab,8
Billboard,8
Genius,8
NikkieTutorials,8
Domics,8
The School of Life,8
Girliyapa,8
Inthefrow,8
Jackie Aina,8
Gus Johnson,8
Samantha Maria,8
ibighit,8
Tyler Oakley,8
BBC,8
Simply Nailogical,8
ColliderVideos,8
Fueled By Ramen,8
Mnet K-POP,8
Lip Sync Battle,8
Rudy Mancuso,7
Diplo,7
Markiplier,7
Mythri Movie Makers,7
UFC - Ultimate Fighting Championship,7
CBS News,7
Mr. Kate,7
Unbox Therapy,7
HOT 97,7
AnthonyPadilla,7
ETV Dhee,7
A24,7
JerryRigEverything,7
Aashqeen,7
Nile Wilson,7
MSNBC,7
Glam&Gore,7
MLG Highlights,7
Anwar Jibawi,7
TBS,7
FilmSelect Trailer,7
ScreenJunkies News,7
As/Is,7
CBS Los Angeles,7
The Infographics Show,7
Carrie Hope Fletcher,7
BB Ki Vines,7
Beats 1 Radio,7
Bhad Bhabie,7
Marshmello,7
EverythingApplePro,7
TV Promos,7
Team Edge,7
Michelle Khare,7
Variety,7
Linus Tech Tips,7
CalumScottVEVO,7
Wendover Productions,7
Zoella,7
colinfurze,7
National Geographic,7
CarryMinati,7
Simone Giertz,7
Laura Lee,7
What's Inside?,7
SiaVEVO,7
SpaceX,7
Cole and Marmalade,7
Studio C,6
Chris Stuckmann,6
How To Cook That,6
FOX Soccer,6
Kitchen Nightmares,6
Doug DeMuro,6
SZAVEVO,6
ThreadBanger,6
The Viral Fever,6
TheReportOfTheWeek,6
RM Videos,6
PointlessBlogVlogs,6
MrBeast,6
MyHarto,6
CBC News,6
Bhavani HD Movies,6
Matthias,6
CHANNEL90seconds newscom,6
ConnorFranta,6
Helen Anderson,6
Focus Features,6
Food Wishes,6
Cole Bennett,6
DamonAndJo,6
Sony Music India,6
White Hill Music,6
Liza Koshy,6
Lucas the Spider,6
Logan Paul Vlogs,6
Lokdhun Punjabi,6
Bleacher Report,6
BBC Earth,6
BANGTANTV,6
MigosVEVO,6
Lahari Music | T-Series,6
Estée Lalonde,6
ChainsmokersVEVO,6
CalvinHarrisVEVO,6
h3h3Productions,6
emmymadeinjapan,6
Cardi B,6
Anna Akana,6
TroyeSivanVEVO,6
marshmello,6
Hydraulic Press Channel,6
Austin Evans,6
MMAFightingonSBN,6
Guava Juice,6
The Hollywood Reporter,6
The Daily Show with Trevor Noah,6
The Screen Patti,6
The Timeliners,6
Janelle Monáe,6
John Campea,6
Amber Scholl,6
영국남자 Korean Englishman,6
Jaiden Animations,6
Alan Walker,6
ABC Television Network,5
JunsKitchen,5
KMNGANG,5
JamesBayVEVO,5
Jake Paul,5
ìêµ­ë¨ì Korean Englishman,5
Klossy,5
KickThePj,5
David Guetta,5
Kandee Johnson,5
Kelly Clarkson,5
ImagineDragonsVEVO,5
USA TODAY,5
Think Music India,5
Numberphile,5
Madelaine Petsch,5
Sailor J,5
SPORTSNET,5
MatthewSantoro,5
C-SPAN,5
All India Bakchod,5
FiftyShadesVEVO,5
Joe Santagato,5
AaronsAnimals,5
Epicurious,5
How Ridiculous,5
PlayOverwatch,5
Ed Sheeran,5
Patricia Bright,5
Red Bull,5
GEazyMusicVEVO,5
VH1,5
Hope For Paws - Official Rescue Channel,5
Hevesh5,5
Associated Press,5
NBC Sports,5
Highlight Heaven,5
Casey Holmes,5
Strictly Dumpling,5
Cobra Kai,5
BBC Music,5
Wong Fu Productions,5
Tech Insider,5
Comicbook.com,5
Simon and Martina,5
LaurDIY,5
MinuteEarth,5
The CW Television Network,5
Teen Vogue,5
Carli Bybel,5
Hazel Hayes,5
Lucy Moon,5
Liza Koshy Too,5
Looper,5
Camila Cabello,5
Shawn Mendes,5
justintimberlakeVEVO,5
The Food Ranger,5
Business Insider,5
The Grand Tour,5
GraceVanderWaalVEVO,5
CAguileraVEVO,5
Jordindian,5
PowerfulJRE,5
ProZD,5
Amazon Studios,5
theneedledrop,5
videogamedunkey,5
Hulu,4
AngryJoeShow,4
BostonDynamics,4
Google,4
Mahaa News,4
FightHype.com,4
Angry Prash,4
CNBC,4
DisneyMusicVEVO,4
Mark Rober,4
U2VEVO,4
Thomas Sanders,4
Maroon5VEVO,4
MauLer,4
Ubisoft US,4
JenniferLopezVEVO,4
KendrickLamarVEVO,4
KeithUrbanVEVO,4
Kontra K,4
Rooster Teeth,4
Dil Raju,4
Disney Movie Trailers,4
Desi Perkins,4
Davie504,4
SagaHits,4
Tips Official,4
Aditya Music,4
JennaMarbles,4
Jaclyn Hill,4
ANDREW HUANG,4
ì¥ìì­,4
Abish Mathew,4
ElleOfTheMills,4
Daily Dose Of Internet,4
Eruma Saani,4
FallOutBoyVEVO,4
SQUEEZIE,4
Ty Dolla $ign,4
MalumaVEVO,4
FeelSoGood,4
FaZe Rug,4
Fortnite,4
Call of Duty,4
CamilaCabelloVEVO,4
Björk,4
Linkin Park,4
BBCRadio1VEVO,4
Zakir Khan,4
FoxStarHindi,4
AlishaMarie,4
SamSmithWorldVEVO,4
Deutschland sucht den Superstar,4
Alissa Ashley,4
The Scran Line,4
The Talk,4
Glamour Magazine,4
kermodeandmayo,4
H3 Podcast,4
TRL,4
Fresh Media Records,4
CliveNBAParody,4
Skip and Shannon: UNDISPUTED,4
Laura in the Kitchen,4
SigridVEVO,4
Daniel J. Layton,4
SiriusXM,4
LIVEKellyandRyan,4
Tested,4
The Official Pokémon YouTube Channel,4
The Action Lab,4
BuzzFeed Celeb,4
Channel Awesome,4
Lauv,4
LastWeekTonight,4
Mental Floss,4
CatCreature,4
Mike Shinoda,4
CNET,4
ShawnMendesVEVO,4
Shesez,4
Cracked,4
NBA on TNT,4
CupcakeJemma,4
VICE News,4
Lifetime,4
Big Marvel,4
bill wurtz,4
Crazy 4 Bollywood,4
MoreZoella,4
MeghanTrainorVEVO,4
Tamil Talkies,4
Taylor Nicole Dean,4
Lisa Eldridge,4
Lionsgate Movies,4
TaylorSwiftVEVO,4
Christen Dominique,4
Clevver Style,4
ChvrchesVEVO,4
Movie Talkies,4
Gabbie Hanna,4
Clevver News,4
ChrisStapletonVEVO,4
MovieAccessTrailers,4
RealLifeLore,4
jennxpenn,4
Taylor Swift,4
ê³µë£¡ë©ì¹´ë - DINO MECARD OFFICIAL,4
Annapurna Studios,4
Architectural Digest,4
Apple,4
jeffreestar,4
Philip DeFranco,4
PBS NewsHour,4
joyner lucas,4
Primitive Technology,4
EnriqueIglesiasVEVO,4
ëì´ë¯¸ëì´ ì¤í,4
Jump Cuts,4
ELLE,4
E! Live from the Red Carpet,4
Allure,4
starshipTV,4
todrickhall,3
truTV,3
1MILLION Dance Studio,3
Portugal. The Man,3
Poppy,3
Joey Graceffa,3
John Maclean,3
JOLLY,3
J. Cole,3
Josh Groban,3
Jonathan Morrison,3
ê³ ëª½,3
zefrank1,3
woolliment,3
ê¾¹TV(Kkuk TV),3
How to DAD,3
HowToBasic,3
jbalvinVEVO,3
jessiepaege,3
PBS Eons,3
Physics Girl,3
Peter McKinnon,3
Pixielocks,3
PlayStation,3
PinkVEVO,3
ElectroBOOM,3
Eater,3
ET Canada,3
RAF Camora,3
Queen Naija,3
RaeSremmurdVEVO,3
Refinery29,3
Real Time with Bill Maher,3
Will Darbyshire,3
Caspar,3
Sugar Pine 7,3
SugarlandVEVO,3
Sylvia Gani,3
SuperDuperKyle,3
Cinemassacre,3
Chris Smoove,3
ChrisBrownVEVO,3
Clash Royale,3
Cinema Vikatan,3
Morgan Adams,3
FutureVEVO,3
Munchies,3
My Village Show,3
MyLifeAsEva,3
NBC,3
NCAA March Madness,3
DALLMYD,3
Cosmopolitan.com,3
SprinkleofChatter,3
DJSnakeVEVO,3
DONG,3
amc,3
Asian Boss,3
HollywoodLife,3
Lil Wayne,3
LiamPayneVEVO,3
HJ NEWS,3
Lindsay Ellis,3
Lindsey Stirling,3
Hamilton: An American Musical,3
Haarika & Hassine Creations,3
HalseyVEVO,3
Bachelor Nation on ABC,3
Wunderbar Studios,3
XAmbassadorsVEVO,3
BigBoyTV,3
VehliJantaRecords,3
VIVA,3
ViralHog,3
Viacom18 Motion Pictures,3
Visionary Music Group,3
MiguelVEVO,3
Molly Burke,3
Miranda Sings,3
GOODWILL ENTERTAINMENTS,3
Friday Poster,3
TEAM KUKU,3
TWICE JAPAN OFFICIAL YouTube Channel,3
TV íë ¥ì,3
Tamil Trending,3
B Man ìë§¨,3
Beme News,3
Because Science,3
Be Amazed,3
Wave Music,3
WatchMojo.com,3
BangerChannel,3
Yes Theory,3
YG ENTERTAINMENT,3
Comedy Central,3
Condé Nast Traveler,3
Shudh Desi Endings,3
Sidemen,3
Simply Not Logical,3
Sion TV,3
Sony Pictures India,3
SonyMusicSouthVEVO,3
Hunter Hayes,3
LadBaby Official,3
KygoOfficialVEVO,3
LadyGagaVEVO,3
Ladylike,3
Lakshmi Narasimha Productions,3
YouTube Spotlight,3
Bobby Duke Arts,3
Bleecker Street,3
Tyler Stalman,3
Troom Troom,3
BuzzFeed Nifty,3
TechSmartt,3
Gibi ASMR,3
Hayley Kiyoko,3
Lucas and Marcus,3
MBCentertainment,3
MBC PDìì²©,3
Yuvan Shankar Raja,3
BBC Three,3
consumer,3
carrieunderwoodVEVO,3
NiallHoranVEVO,3
NickJonasVEVO,3
NickiMinajAtVEVO,3
Nerdist,3
Feast Of Fiction,3
FX Networks,3
NickyJamTV,3
SamanthaMariaVlogs,3
SelenaGomezVEVO,3
DanTDM,3
Dancing With The Stars,3
DVV Entertainments,3
merrelltwins,3
Blue Origin,3
Today I Found Out,3
Tina Yong,3
TinasheOfficialVEVO,3
The Royal Family Channel,3
BreakingBenjaminVEVO,3
Brian Hull,3
The Weeknd,3
Butch Hartman,3
Buttered Side Down,3
The Four,3
The New Yorker,3
MTV,3
MTV International,3
Good Morning Britain,3
GoPro,3
Golden State Times,3
Giovannasworld,3
officialcharlixcx,3
Australian Open TV,3
euronews (in English),3
franzferdinandVEVO,3
heyitsfeiii,3
grav3yardgirl,3
Andre Black Nerd,3
Daisy Marquez,3
FilterCopy,3
Noclip,3
OVO Sound,3
Extra Credits,3
Eurovision Song Contest,3
SBS ë´ì¤,3
Disney Parks,3
SRK MUSIC,3
SET India,3
SabrinaCarpenterVEVO,3
JackWhiteVEVO,3
Gordon Ramsay,3
Marcus Butler,3
ManicStPreachersVEVO,3
Major Lazer,3
Garam Chai,3
GameXplain,3
Matthias Wandel,3
Mayim Bialik,3
UTZIìì§,3
"Tyler, The Creator",3
UFC ON FOX,3
Beyond The Trailer,3
Ufo361,3
Ultra Music,3
The X Factor UK,3
TheSorryGirls,3
Tia Mowry's Quick Fix,3
DemiLovatoVEVO,3
RichTheKidVEVO,3
Reliance Entertainment,3
RemyMaVEVO,3
RomanAtwoodVlogs,3
Rita Ora,3
Disney•Pixar,3
Doctor Mike,3
Ozuna,3
Panic! At The Disco,3
Papa Jake,3
5-Minute Crafts,3
5FDPVEVO,3
5SOSVEVO,3
IndiaTV,3
Ingrid Nilsen,3
Kayley Melissa,3
Eleven Seven Music,3
AmazingPhil,3
ITV News,3
湖南卫视芒果TV官方频道 China HunanTV Official Channel,3
Alesso,3
íë¦ìë¹ ì§ë¤,3
Jason Derulo,3
í¬í¬í¬í¬,3
ëí° TV,3
Access Hollywood,3
Jass Records,3
Ajendra Creations,3
Adult Swim,3
It's Okay To Be Smart,3
ìì§ UTZI,3
JasonAldeanVEVO,2
ABC Action News,2
ì¸ì´êµì£¼í´ì ë¨,2
ì¤ëì ëë¤ What The Fun,2
ìì¤í¬ì¸ ë´ì¤(Xportsnews),2
ì±ì±ì ë³´,2
ìí ë´ì¤,2
ë¯¼ì£¼ì­ì¬ê¸°ë¡ì,2
tlc uk,2
tv C,2
tamilcinemareview,2
America's Got Talent,2
Allu Arjun,2
Impulse,2
Inanna Sarkis,2
ííHeopop,2
5MadMovieMakers,2
88rising,2
385idéal,2
3Blue1Brown,2
24 news kr,2
10 DEGREE INDIAN FACTS,2
1theK (ìëì¼ì´),2
Kay One,2
Kanye West - Topic,2
Kaplamino,2
Karina Garcia,2
KatyPerryVEVO,2
KaneBrownVEVO,2
IndiaGlitz Telugu Movies | Reviews | Gossips l Hot News,2
íêµ­ 24/7,2
jacksepticeye,2
ArcticMonkeysVEVO,2
AntsCanada,2
How To Make Everything,2
KsFreakWhatElse,2
Kollywoodcentral,2
Kingsley,2
KhalidVEVO,2
Eh Bee Family,2
East India Comedy,2
Pokémon GO,2
Pop Diaries,2
Pina Records,2
Peter Brown,2
PeopleTV,2
PatrickStarrr,2
RGV,2
RKD Digital,2
QualityControlVEVO,2
Queen Official,2
Proximity,2
PsychoSoprano,2
Pure Noise Records,2
Pyaar Lafzon Mein Kahan,2
EllieGouldingVEVO,2
Reflect,2
Real Madrid C.F.,2
Rapid Highlights,2
Rapid Trailer,2
Rahasya,2
Ram Trucks,2
Ranz Kyle,2
Porter Robinson,2
Post Malone,2
PostMaloneVEVO,2
PostmodernJukebox,2
Eros Now,2
Engineering Explained,2
Elvish yadav,2
Ellie and Jared,2
Sabrina Claudio,2
STAR Plus,2
SEVENTEEN,2
SHOWTIME Sports,2
SACCONEJOLYs,2
SB Nation,2
SB-LII Commercials,2
Ryland Adams,2
Dua Lipa,2
Drew Lynch,2
Rhythm Boyz,2
RiceGum,2
Dice Media,2
Denitslava Makeup,2
STX Entertainment,2
SUPERFRUIT,2
Dina Tokio,2
RoyceDa59VEVO,2
Rudimental,2
Russell Brand,2
RomeoSantosVEVO,2
Rose Telugu Movies,2
Round2hell,2
Rob Scallon,2
PBS Space Time,2
PGA TOUR,2
PHP,2
FORMULA 1,2
FOX Sports,2
FLAME MEDIA,2
Dino James,2
Discovery UK,2
Samsung Mobile USA,2
Sanadsk,2
Desus & Mero,2
Dharma Productions,2
Dhaval Domadiya,2
Nicol Concilio,2
Nicole Guerriero,2
Nikita Dragun,2
Shoshana Bean,2
Shay Mitchell,2
SebastianYatraVEVO,2
ScreenPrism,2
Scott Manley,2
Sanam,2
Sandeep Maheshwari,2
Sara Dietschy,2
OhmynewsTV,2
Olivia Jade,2
NocutV,2
Filmy Focus,2
Filmylooks,2
First Show,2
DanAndPhilGAMES,2
Daddy Yankee,2
Dolan Twins,2
Don Diablo,2
Evan Edinger,2
Open Road Films,2
Omaze,2
Omeleto,2
Ondraga Entertainment,2
Official Jeremy Corbyn Channel,2
Colleen Vlogs,2
Steve TV Show,2
Star Maa,2
Star Wars Theory,2
StarTalk,2
Sports Edge,2
DJKhaledVEVO,2
Crown Records,2
SoSorry,2
Soccer AM,2
SmarterEveryDay,2
SnoopDoggVEVO,2
Slayy Point,2
Silver Screen,2
Dani Ochoa,2
Colleen Ballinger,2
FreeDawkins,2
FoundFlix,2
Fox Star India,2
Flo Rida,2
Special Books by Special Kids,2
Sophie Louise,2
Sonic the Hedgehog,2
Sonotek Haryanvi,2
Nickelodeon,2
Nicki Minaj,2
Nicki Swift,2
Natalies Outlet,2
NTV Telugu,2
NHL,2
NJ.com,2
NMF News,2
Tamil The Hindu,2
TV9 Trending,2
TV9 Today,2
Fully,2
FunForLouis,2
Funk You,2
Friday Film House,2
Monster Energy Supercross,2
Summoning Salt,2
SuperCarlinBrothers,2
Suresh Productions,2
Studio Saraswati Official,2
StudiocanalUK,2
Strange Parts,2
Studio Sangeeta,2
Casually Explained,2
Movie Trailers Source,2
Moviebuff Tamil,2
TED,2
Clean Bandit,2
Chromeo,2
ChrisJedayVEVO,2
Sway's Universe,2
T-Mobile,2
FlorenceMachineVEVO,2
NASA Goddard,2
NASA Jet Propulsion Laboratory,2
My Self Reliance,2
My Virgin Kitchen,2
Muzik247,2
Mr Sunday Movies,2
MrTreknation,2
The Lallantop,2
The Daily Wire,2
The Deal Guy,2
The Dishonoured Wolf,2
Bruno Mars,2
British Vogue,2
Browntable,2
The Times of India,2
Channel 4 News,2
Cat Man Chris,2
CatPusic,2
CBS Miami,2
ByronTalbott,2
BØRNSmusicVEVO,2
The Liberty Hound,2
The National,2
CNNMoney,2
The Angie Martinez Show,2
The Anna Edit,2
The Bella Twins,2
ThatcherJoe,2
Tessa Violet,2
TechRax,2
Chloe x Halle,2
Merrell Twins Live,2
Megan Ellaby,2
GeorgeEzraVEVO,2
Gigi Gorgeous,2
Gaurav Chaudhary,2
GenoSamuel2,2
CalebCity,2
Calvin Klein,2
The king of DIY,2
TheAngryGrandpaShow,2
UV Creations,2
Tyler Williams,2
TurboTax,2
Triggered Tro,2
Trixie Mattel,2
Travel Tube,2
ThuleanPerspective,2
Third Leg Studios,2
ThirtySecondsToMarsVEVO,2
TheTimTracker,2
TheWeekndVEVO,2
TheOdd2sOut,2
TheScriptVEVO,2
TheMeanKitty,2
Manorama Music Songs,2
Major League Soccer,2
Man About Cake,2
Gopi Sundar Music Company,2
Top Telugu Media,2
Top Dawg Entertainment,2
ToniBraxtonVEVO,2
TiffyQuake,2
The Rageaholic,2
CNCOVEVO,2
CGP Grey,2
Maître GIMS,2
Martin Garrix,2
MariahCareyVEVO,2
Mark Ferris,2
Mana Stars,2
United Launch Alliance,2
Bill Gates,2
BiscootTV,2
GreatScott!,2
MGKVEVO,2
M.C.rush,2
MBC 4 U,2
LukeBryanVEVO,2
Voice of Dissent,2
Vidya Vox,2
Veritasium,2
Verne Troyer,2
Vance Joy,2
Vanitha Tv,2
VALDVEVO,2
VICE,2
MONTREALITY,2
MTV News,2
MLive,2
Green Day,2
Gronkh,2
Voice of Heart Music,2
Vsauce2,2
Viralbollywood,2
Trailers Promos Teasers,2
Brad Mondo,2
Boldly,2
Bollywood Now,2
Good Mythical MORE,2
Madras Central,2
Magnolia Pictures & Magnet Releasing,2
Maddie Ziegler,2
Yellow Music,2
YOUNG FATHERS,2
YTN NEWS,2
Xbox,2
BastilleVEVO,2
Battle Universe!,2
Bamb Beats,2
BURGER KING,2
WINNER,2
Berd,2
Bebe Rexha,2
Bazzi,2
Ayurved Samadhan,2
AzealiaBanksVEVO,2
Azzlackz,2
YearsAndYearsVEVO,2
Harshdeep Ahuja,2
Waterjet Channel,2
Waymo,2
Wassabi Productions,2
Wall Street Journal,2
Walt Disney Animation Studios,2
WE tv,2
WHAT'S INSIDE? FAMILY,2
LukeCombsVEVO,2
Lydia Elise Millen,2
Lucas,2
Lorraine,2
LogicVEVO,2
Liverpool FC,2
Living Big In A Tiny House,2
HarryStylesVEVO,2
austinmcconnell,2
[ KBS ìíë ],2
amazon,2
ZEDDVEVO,2
ZaynVEVO,2
Young Thug,2
YourMovieSucksDOTorg,2
BBC America,2
Heopop íí,2
Ari ë ê³ ìì´ ë´ê° ì£¼ì¸,2
ArianaGrandeVevo,2
Armin van Buuren,2
Around Telugu,2
clothesencounters,2
coldmirror,2
budleewiser,2
Lil Durk,2
Lil Peep,2
Lex Croucher,2
LexusVehicles,2
Liam Gallagher,2
Leroy Sanchez,2
HipHop Sounds,2
HelloOctoberxo,2
Baap Of Bakchod,2
BROCKHAMPTON,2
BTNews Hindi,2
BUILD Series,2
Happyface entertainment,2
Harper's BAZAAR,2
Harry Main,2
Lily Allen,2
shane,2
slaymeclarkson c:,2
satyamvideos,2
ralphthemoviemaker,2
mmschocolate,2
moviebob,2
kehlani parrish,2
keshaVEVO,2
fantano,2
doddlevloggle,2
dodieVEVO,2
danisnotinteresting,2
doddleoddle,2
Australia,2
AviciiOfficialVEVO,2
Avni Groups,2
I Covet Thee,2
HunchoJackVEVO,2
AnimalWised,2
Animation on FOX,2
iKON,2
iggyazaleamusicVEVO,2
iDubbbzTV,2
iHasCupquake,2
Leinster Productions,2
LecraeVEVO,2
Laura Kampf,2
LIVELOVEASAPVEVO,2
KylieMinogueOnVEVO,2
Kylie Cosmetics,2
I Hate Everything,2
I Like To Make Stuff,2
ì¹´í¡ì ì¥ì,2
íëTV,2
JelloApocalypse,2
í´ì¦ ì½ë¦¬ì,2
#Mind Warehouse,2
미디어몽구,2
Jeopardy!,2
ì¤í ë¦¬íë ì´ì´,2
Access,2
Irahul Vohra,2
9Roses Media,2
ABC News (Australia),2
Joan Kim,2
ì² êµ¬í (CHULTUBE),2
Jessica Clements,2
Jim Chapman,2
ëª¨ë¹ë Mobidic,2
ë¯¸ëì´ëª½êµ¬,2
ë íë¸,2
ëì¼ë¹µ,2
Al Jazeera English,2
ë¯¸ëì´ì¤ë,2
Alex Becker's Channel,2
AdelaineMorin,2
IFC Films,2
IGN News,2
KKandbabyJ,2
KSI,2
KaceyMusgravesVEVO,2
KBS News,2
KISS FM UK,2
ë°±ìí,2
EXID_OFFICIAL,2
E! News,2
EA SPORTS FIFA,2
Primitive Survival Tool,2
PressTube,2
PrettyMuchVEVO,2
Power 106 Los Angeles,2
Practical Engineering,2
JustDestiny,2
JudasPriestVEVO,2
Julien Solomita,2
Jon B.,2
Jack and Dean,2
JTBC News,2
A&E,2
ETV Jabardasth,2
ワーナー ブラザース 公式チャンネル,2
ë´ì¤ì§ê¸,2
ëíë¯¼êµ­ì²­ìë,2
ë¤í°ì¦ ë°ì,2
ê·¸ í¡ì´ ìê³ ì¶ë¤,2
ê²ë¸ë§ (GGAM BRING),2
ê²½ë¨ëë¯¼ì¼ë³´,2
Just Write,2
ìê°í´ì£¼ë ë¨ì,2
ë¸ëë,2
ë¹µë¹ ë ,2
Jayas Kumar,2
Jamie Genevieve,2
JadenSmithVEVO,2
뉴스지금,2
ポケモン公式YouTubeチャンネル,2
포크포크,1
* íí´TV,1
- 欢迎订阅 -浙江卫视【奔跑吧】官方频道,1
1LIVE,1
2 Minutes News,1
21SavageVEVO,1
24 ìê° ì°ì ë´ì¤,1
2CELLOS,1
2ChainzVEVO,1
2ndJerma,1
2oK,1
42Fab - Metalworking and Multi-Medium Fabrication,1
494ta,1
4KEUS GVNG OFFICIEL,1
4everyoung TV,1
APerfectCircleVEVO,1
ASAP Ferg,1
ASMR Darling,1
ì§ì¤í,1
ì§ì¤ì¨ê²¨ì§,1
ì°½í ê±°ë¦¬ë¸ëë°©& ì­ì¹´í,1
ì±ëA Home,1
ì±ëA ë´ì¤,1
AIB Doosra,1
AJR,1
AK Entertainments,1
ALADIN NEWS,1
ALG,1
ALL URBAN CENTRAL,1
ALTBalaji,1
ANDY,1
ABN Telugu,1
ABP Majha,1
ABP NEWS,1
ABP NEWS HINDI,1
ABP Sanjha,1
ABdirector,1
AD-WISE MEDIA ACTION MOVIEPLEX,1
AIA awards,1
ì ê²©ì mr,1
ì¤ì¤,1
ì§ë¬´ë¹ : G Movie,1
A Chick Called Albert,1
A-Boogie Wit Da Hoodie,1
A-Trak,1
ABC Television Stations,1
ABC7,1
Jessica Braun | JAMbeauty89,1
Jessica Kellgren-Fozard,1
Jessica Vu,1
Jessii Vee,1
Jewels,1
JheneAikoVEVO,1
Jhené Aiko,1
Jimmy Built,1
Jen Campbell,1
Jenn Im,1
Jenny Mustard,1
JeremyZuckerVEVO,1
Jess Conte,1
Jess Glynne,1
Jesse,1
JesseMcCartneyVEVO,1
Jamie and Nikki,1
Jandora Media,1
Janemba8000,1
Jason Mraz,1
Jason Yu,1
JayRockVEVO,1
JayZVEVO,1
Jeep,1
Jacob Sartorius,1
Jacqueline Tsai,1
Jaden Smith,1
Jake Roper,1
Jalopnik,1
James Veitch,1
JamesAVEVO,1
JamesBlakeVEVO,1
Jack Coyne,1
Jack Maynard,1
Jack Whitehall,1
Jack's Movie Reviews,1
JackJohnsonVEVO,1
JoergSprave,1
John Conforti,1
John Lewis,1
JK Brickworks,1
JMS ARTS,1
JOE.ie,1
JP & Julia,1
JRE Clips,1
JTBC Entertainment,1
JUST FOR FUN,1
JW J,1
Iris,1
It's a Southern Thing,1
Ivan Bede,1
J-14 Magazine,1
J.J. McCullough,1
JAYPARKOFFICIAL,1
JColeVEVO,1
JERYKO,1
Jiro Czech,1
Jody's Corner,1
Joe Budden TV,1
Joe Rogan Fan Page,1
InterpolVEVO,1
Interscope Records,1
Intro TV,1
InvadaOfficial,1
JustinTimberlake,1
Ján Ilavský,1
K-MUSIC,1
K-Pop Awards,1
K-eNTeR,1
KARD,1
KATC,1
KBAK - KBFX - Eyewitness News - BakersfieldNow,1
JuliaMichaelsVEVO,1
Julien Bam,1
Julius Caesar,1
Just Between Us,1
Just Jared Jr,1
Just Wow me,1
Justice,1
Justin Chan,1
Jonathan Pie,1
Jordan B Peterson,1
Jordan Wilson,1
JorjaSmithVEVO,1
Josh Levine,1
JoshX713,1
JuanesVEVO,1
Juke Dock,1
John Mayer,1
John Scurek,1
John Sellars,1
JohnNewmanVEVO,1
Johnny Jansen,1
JohnnyQ90,1
JonTronShow,1
Jonas Neubauer,1
India Today Social,1
IndieAnnieJones,1
Infinite Lists,1
Info Kanal,1
Inside the Magic,1
Kael Reset,1
Kaguya Luna Official,1
KaliUchisVEVO,1
ITV,1
Ian Daygold,1
Illumination,1
Im Pops,1
Imogenation,1
InStyle,1
IncubusVEVO,1
India Love,1
KYLE HANAGAMI,1
Kacey Musgraves - Topic,1
ICC,1
IDR Labs,1
IFC,1
IMAX,1
INFINIQUE MEDIA JUNCTION,1
INQUIRER.net,1
KBS World TV,1
KBSKpop,1
KFC,1
KFC UK and Ireland,1
KFlayVEVO,1
KIND Snacks,1
KTLA 5,1
KTVU,1
KipMooreVEVO,1
Kitten Lady,1
Kitty Hawk,1
Kodak Black,1
Kollywood,1
Korea Gossip,1
Kortney Steury,1
Kotaku,1
Kia Motors America,1
Kid Rock,1
Kill All Hippies!,1
Kim Kardashian West,1
Kim Petras,1
Kim Tae-hee,1
Kim Thai,1
King Lb,1
Kelly Eden,1
Kenny S,1
Kensuke Koike,1
Kevin Noonan,1
Kevin Smith,1
Keyboard Cat,1
Khalil Ls,1
Khesari Music World,1
KamiVS,1
Kanak News,1
Kanye West,1
KarolGVEVO,1
Katzun,1
Kavos,1
Keke Palmer,1
KelelaVEVO,1
IAmAnneMarie,1
IBC24,1
Kway and LaLa,1
Kyle Gunderson,1
Kyle Jennermann,1
Kyle Meredith,1
Kylie Jenner,1
Kylie Minogue,1
Hybrid Network,1
Hyderabad Diaries,1
Hypnotize Entertainment,1
HyundaiUSA,1
I Love Cricket,1
I'M HIP-HOP,1
I.T. Channel,1
I20N3Y,1
How Talented,1
Howl Of A Dog,1
Hudson Moore,1
HugoPOSAY,1
Hush Kit,1
Huw Parkinson,1
Huxley Berg Studios,1
HvdH-Plane-Spotter,1
KpopIdolExpert,1
Kraft Brand,1
Kris Harbour,1
Kris Wu,1
Kristen Hancher,1
Kristin Johns,1
KuchenTV,1
Kunal Kamra,1
Layer,1
"Le Jeu, C'est Sérieux",1
Le Jimmy Labeeu,1
Le Monde à L'Envers,1
LeMOfficiel,1
League of Legends,1
Lee Min Sung,1
Legendary,1
LaMadelynn,1
LaToya Forever,1
Lailah Lynn,1
Land Rover,1
Lane Anderson,1
Latest News,1
Lauren Elizabeth,1
LavenderTowne,1
LIBERATO,1
LIL UZI VERT,1
LJ Films Official,1
LOOK MUM NO COMPUTER,1
LOVE TV by LOVE Magazine,1
LS,1
LSK,1
La Roja,1
Kylie Moy,1
Kölner Stadt-Anzeiger,1
"L'Éternel, ton Dieu : SmoMeat.",1
LD Entertainment,1
LE ROI DES RATS,1
LES ANONYBUZZ,1
LFP Gaming,1
LGEcampaignKR,1
House of Velour,1
HouzzTV,1
Leon Machère,1
Les Victoires de la Musique,1
Let Me Explain Studios,1
Lets Make Engineering Simple,1
LevelCapGaming,1
Levi Luttrell,1
HipHollywood,1
Hobbie Stuart,1
Hometalk,1
Honda,1
HopeAnimation,1
Hopeless Records,1
Horizon Productions SFL,1
House M.D.,1
Hector Bellerin,1
HelloGreedo,1
Helpful Vancouver Vet,1
Henry Prince Mak,1
Hey Yolo,1
Highsnobiety,1
Hin Nya,1
Hip Hop N More,1
Lehren Bhojpuri,1
Lehren Small Screen,1
LemonyLink,1
Lenarr Young,1
Headlines India,1
Headlines Sports,1
Healthcare KR,1
Healthcare Triage,1
Hardwell,1
Hari Kondabolu,1
Haryanvi Maina,1
Hasan Al-Jarrah,1
Hatim Idar | حاتم إدار,1
LissieVEVO,1
Listen to this also,1
Little Mix,1
HOLLYWOOD UNLOCKED,1
HOZZAA2,1
HQVideoDude,1
HYPEBEAST,1
HaileeSteinfeldVEVO,1
HaimVEVO,1
Half Engineer,1
Happy Daily Channel,1
Lil pump,1
LilYachtyVEVO,1
Lili Bibi,1
Lindsay Webster,1
HC Notizie,1
HERMusicVEVO,1
HISTORY,1
HOLLAND,1
LewisCapaldiVEVO,1
Liam Robertson - Game History Guy,1
Lietuvos Futbolo Rinktinės Archyvas,1
Life Awesome,1
LifeAccordingToJimmy,1
LifeisPainTv,1
Lil Skies,1
Lil Tracy,1
Lyndon Poskitt Racing,1
MAJID JORDAN,1
MAMAMOO,1
MARIO TESTINO,1
MAZELEE,1
MBCNEWS,1
MBCentertain,1
MBN Entertainment,1
Lucas Lucco,1
Lucio Fantini,1
LuisFonsiVEVO,1
Luke Birch,1
Luke Korns,1
LustreLux,1
Lyca Productions,1
Lyft,1
Lorenzo,1
Los Angeles Times,1
LosPro,1
Loudwire,1
LouisTomlinsonVEVO,1
LouisaJohnsonVEVO,1
Love Rudrakash,1
LtCorbis,1
Live Audience Reactions,1
Live From Earth,1
Living 779 Healthy,1
LoeyLane,1
Lofty Pursuits,1
Loose Women,1
Lord Buckethead,1
Lorde_Fix [@Lorde_fix on twitter],1
HANSON,1
MK Dons,1
MLB,1
MMAnytt.se,1
MN khan,1
MNEKVEVO,1
MOBO Awards,1
MOMOMOYOUTHVEVO,1
Guy Tang,1
GwenStefaniVEVO,1
H O N N E,1
H&M,1
H1GHR MUSIC,1
H3 Podcast Highlights,1
HACKADAY,1
HANSE 한세,1
Green Eagle,1
Greg Guillotin - Nou,1
Groupon,1
Guldies,1
Gun Lee,1
GunsNRosesVEVO,1
Gustawny,1
Guy Kesteven,1
MBN News,1
MGM,1
MGMTVEVO,1
GradurVEVO,1
Graham The Christian,1
Grandpa Kitchen,1
GrandsonVEVO,1
Great Interesting Funny - GIF,1
Google Developers,1
Google Spotlight Stories,1
Gorillaz,1
Grace F Victory,1
Grace Fit UK,1
Makeupshayla,1
Malik Nabee,1
MamaMiaMakeup,1
Global Mountain Bike Network,1
Global News,1
Global Road Entertainment,1
Glove Ent,1
GohmertTX01,1
Golden Moustache,1
Gong Bao,1
Good Charlotte,1
Madhura Audio,1
Maggie Lindemann,1
MaggieRogersVEVO,1
Mahesh Babu,1
GilCang,1
Ginger Minj,1
GingerPale,1
Glizzy Gang,1
MONSTA X,1
MUCH,1
MYDAILY 마이데일리,1
MYSTERY SCIENCE THEATER 3000,1
MabelVEVO,1
Mac DeMarco,1
MaccabeatsVideos,1
Macklemore LLC,1
MassLive,1
Math se fait des films !,1
Mathieu Sommet,1
Mathrubhumi,1
Matt Bentkowski,1
Matt G,1
Matt and Kim,1
MattHunterVEVO,1
Marwa Loud,1
Mary Giannone,1
Mashable Daily,1
Mashed,1
Maskey,1
Mason Lindroth,1
Mason Ramsey,1
Mass Appeal,1
MarilynMansonVEVO,1
Mark Brown,1
Mark Sales,1
Mark Wiens,1
Marteen Estevez,1
Martinez Twins,1
Marvel Studios Movies,1
MarvelKorea,1
Mamrie Hart,1
MandisaVEVO,1
Manga production24,1
Mankirt Aulakh,1
Manny Mua,1
Marc Leroy,1
March For Our Lives,1
Marie McGann,1
Ghost,1
Ghost Adventures TV,1
GhostBCVEVO,1
McDonald's,1
Mean Girls on Broadway,1
MediaMarkt Deutschland,1
MediaVOP,1
Meek Mill,1
Garrett DeLozier,1
GashiVEVO,1
Gcincorp Ecommerce and Real Estate,1
Gemma Stafford,1
Gentle Whispering ASMR,1
George E. Creed,1
Gerry Litwin,1
Gggmanlives,1
Game Two,1
Game&Anime,1
GameGrumps,1
Gamechamp3000,1
Games for Change,1
Gaming Historian,1
GamingWithJen,1
Gap,1
Max Fagin,1
Max Joseph,1
Max Skipper,1
Maymo,1
Galantis,1
Galileo,1
Gallant,1
Game Killerz Records,1
Mindless Entertainment,1
Miss Universe,1
Missouri Star Quilt Company,1
Mister V,1
MisterWivesVEVO,1
Mitchell Moon,1
Mizumi,1
Mizzy Marp,1
Michelob ULTRA,1
Microsoft Surface,1
Mictv In,1
Mike Austin,1
Mike Diva,1
Mikey Murphy,1
Millennium Audios,1
Millie T,1
Mercury News,1
Mere Telo,1
Mesa Sean,1
Mhd Officiel,1
Mic Tv,1
Michael Callaghan,1
Michael Dapaah,1
Michelle Visage,1
MeekMillTV,1
Meenu`s Gossip Corner,1
Meet Arnold,1
MeganBatoon,1
MelendiOficialVEVO,1
Memeulous,1
Mercedes-AMG Petronas Motorsport,1
MercerReport,1
GINOBILEEEH,1
GPhase,1
GRB rally,1
GSTV NEWS,1
GUCCI,1
Gabriella Lindley,1
GalacticFusion,1
Morgan VS,1
Function,1
Fundamental Disappointment,1
Funny News,1
Funny Or Die,1
FutureHype,1
FußballZone,1
G-Eazy,1
GENIE MUSIC,1
Monstercat: Instinct,1
Monét X Change,1
MoorInfo,1
MoreWolfie,1
FrenchMontanaVEVO,1
Fresh Out- Life After The Penitentiary,1
Fulham1879 FanTV,1
FullTimeDEVILS,1
MnM Tasty,1
Mnet Official,1
Mo Vlogs,1
Moby,1
Moha La Squale,1
Molao News,1
Momentum Pictures,1
Monster Cable Products,1
NBA Stats All Seasons,1
NBA on ESPN,1
NDTV,1
NEO MAGAZIN ROYALE,1
NERDVEVO,1
NEW JAPAN PRO-WRESTLING,1
NFL Films,1
NFL Network,1
MustardVEVO,1
Muzic Cue,1
My Brother's Keeper Alliance,1
My Funny Games Builder,1
Máquina Voadora,1
N W,1
NASCAR,1
NBA Highlights · YouTube,1
MowtenDoo,1
Mplus TV,1
Mr Av,1
Mr. Reporter,1
MsAaliyahJay,1
Multiprise,1
Muse,1
Muselk,1
Moses Bach,1
Mother's Basement,1
Motherboard,1
Motion Station,1
Moulin Rouge! the Musical,1
Mouthy Buddha,1
Movie Munchies,1
Movieclips Coming Soon,1
Freie Propaganda,1
NIXOLAS,1
NO.1 NEWS CHANNEL,1
NOLA.com,1
NORMAN FAIT DES VIDÉOS,1
NPCarlsson,1
NZPoliceRecruitment,1
Nabeel Asghar,1
Fran Meneses,1
France Télévisions,1
Franco Muñoz,1
Freddie Lister,1
Freddie Twenty,1
Free Ticket,1
Freedom of the Press Foundation,1
Freeticket,1
FlumeAUS,1
Fontgod,1
Foo Fighters,1
Foolmarkt,1
Foot Locker,1
Forgotten Weapons,1
Fox Business,1
FoxSearchlight,1
NFL World,1
NFVEVO,1
NH 24,1
FleurDeVlog,1
FliteTest,1
Flobots,1
Flow La Movie,1
Flowers Comedy,1
News Mirror,1
News NHH,1
News Tak,1
News1,1
News18 India,1
NewsFunnies,1
NewsQube,1
Newsflare,1
New Orleans Saints on NOLA.com,1
New Smile Entertainment,1
New Trailer Buzz,1
New York Daily News,1
News 18 Tamilnadu,1
News 5 Cleveland,1
News Cabin,1
News Mantra,1
Nat Geo WILD,1
Nathan C,1
National News18,1
NationalBook,1
Nazar Battu Productions,1
Netflix Asia,1
New Amsterdam,1
New England Patriots,1
NachoVEVO,1
Nahmir,1
Namsoon ë¨ì,1
NanoO ARCHIVOS,1
Napalm Records,1
NardwuarServiette,1
Naruto Video Collection,1
Nasey Family,1
Nikki Glamour,1
Nikocado Avocado,1
NinaNesbittMusicVEVO,1
Ninho,1
Ninja Theory,1
Nintendo Labo UK,1
Nintendo Wire,1
Nintendo å¬å¼ãã£ã³ãã«,1
Feelunique,1
FifthHarmonyVEVO,1
Film Companion,1
Film Gob,1
Film Independent,1
FilmiBeat,1
Filmistaan,1
FlatbushZombies TV,1
FaZe Banks,1
Fabio Wibmer,1
Fahd W Rugby,1
FailArmy,1
Famous Celebrities Snaps,1
Famous Dex,1
Fancy Vlogs By Gab,1
Fast Company,1
Nick Ramos,1
Nickelback,1
Nicole Arbour,1
Nicolle von Eberkopf,1
Nike,1
Niki and Gabi,1
FROMSOFTWARE,1
FXitinPost,1
OfficialGucciMane,1
OlanRogers,1
Oli White,1
Olympic,1
OmarGoshTV,1
On Air With Ryan Seacrest,1
"One List , One Life",1
OneBitMusicVEVO,1
Nyma Tang,1
ODE,1
OK Go,1
OWN,1
OYABUNVEVO,1
Oceana,1
Official Charts,1
Official Hyolyn,1
Noodlerella,1
NotJustBlonde,1
Nota Bene,1
Novara Media,1
Now You Know,1
Now You See It,1
NowThis World,1
Nuke's Top 5,1
Nipsey Hussle,1
Nishant Tanwar,1
NitroV2,1
NoFace,1
Noah Antwiler,1
NoahCyrusVEVO,1
NoelGallagherVEVO,1
NoobHunter,1
FNCEnt,1
FOOD INSIDER,1
FOX,1
FOX 17 WXMI,1
Outdoor Boys,1
Overtime,1
Overwatch League VODs,1
P.K. Subban,1
Exploring Alternatives,1
FACEIT,1
FARRUKOVEVO,1
FATV,1
FIFATV,1
FILM COURT,1
FILMWEBTV,1
FLER,1
Oscars,1
Errant Signal,1
Esther Bellido,1
Ethan Gracie,1
"European Space Agency, ESA",1
Eva Lunde Bentley,1
EvanescenceVEVO,1
Everyday Astronaut,1
OnePlus,1
OneRepublic,1
OneSky News,1
Oneindia Hindi | वनइंडिया हिन्दी,1
Onur Altuğ Sever,1
OperatorDrewski,1
Orion Acaba,1
Orion Pictures,1
Paris Hilton,1
Parks and Recreation,1
ParsonJamesVEVO,1
Passenger,1
Pat the NES Punk,1
Patrick (H) Willems,1
Patrick Nan,1
Paweł Zadrożniak,1
Pac-12 Networks,1
PaleWavesVEVO,1
Panagiotis Rokanis,1
Panayotis Pascot,1
Panda Global,1
Pani,1
Paramount Network,1
Paramvah Studios,1
PONY Syndrome,1
POTATOZ,1
POWER MOVIE,1
PRK Audio,1
PS4Trophies,1
PWNSTARZdotCOM,1
Paayasam webtv,1
Pabllo Vittar,1
P23BenBousquet,1
PANWARx,1
PB Comps,1
PEG Management,1
PENTAGON 펜타곤 (Official YouTube Channel),1
PESfilm,1
PLAYERUNKNOWN'S BATTLEGROUNDS,1
PMV - NEWS,1
Play with Toy,1
PlayFunGamesPictures,1
PlayNSkillzVEVO,1
Playboi Carti Leaks,1
Pledis Artist,1
PodcastRealTimeWithBillMaher,1
PolyMatter,1
Polygon,1
Pick Up Limes,1
Piece Of Me Tour Planet Hollywood,1
Pinball Wiz,1
Pistol,1
PitbullVEVO,1
Pitch Perfect,1
Pitchfork,1
Pittsburgh Dad,1
Persil ProClean,1
Peter Parker Tube,1
PeterSripol,1
PhakeNam,1
PhilCrownVEVO,1
Philadelphia 76ers,1
Philadelphia Eagles,1
Philly D,1
Peaceful Cuisine,1
PeeWeeToms,1
Pehchan Music,1
Peloton,1
Pen Movies,1
People are Awesome,1
Pepsi,1
Pero Like,1
Popcorn with Peter Travers,1
Power Vision,1
PowerDrift,1
Pradeep Machiraju,1
Premium Sintesi,1
President Trump,1
President Trump Live Stream,1
Preston Jacobs,1
EnVogueVEVO,1
End of Ze World,1
EnduraOfficial,1
Enterr10 Music Bhojpuri,1
Equal Vision Records,1
Erika Costell,1
Erin Noelle,1
PopBuzz,1
Emily Hart,1
EminemMusic,1
Emirates,1
EmiratesTeamNZ,1
Emmerdale,1
Empire,1
Emrah !,1
EnRemolinosWeb,1
Pomegranate Sunshine,1
PonteFractus,1
Elise,1
EllaMaiVEVO,1
Elton John,1
EltonJohnVEVO,1
Elvis Duran Show,1
Emcee Rapology,1
ElAnalistaDeBits,1
ElbowVEVO,1
Electric Mountain Bike Network,1
Psychor,1
PuneetSway,1
Punjabi Live Tv,1
Puri Jagannadh,1
Pyara Hindustan,1
East Coast,1
East Idaho News,1
Easy Allies,1
Easy Home Tips,1
Eath,1
Editors,1
Edward Avila,1
Ekta Sound,1
Promo Sound,1
E;R,1
EA SPORTS,1
EC Henry,1
ELLEUKTV,1
EMPIRE,1
ESPN UK,1
ESSENCE,1
Pretty Good Gaming,1
PrettyHerb,1
Primavera Sound,1
Prime Minister Narender Modi,1
Prime Video,1
Prince,1
PrinceRoyceVEVO,1
Pro Wrestling Sheet,1
Rainer Hilland,1
Rajasthan Patrika,1
Ramaz Music,1
RapMusicHD,1
Rated-e Mods,1
Rathore Cassettes,1
RawBeautyKristi,1
Rclbeauty101,1
Rachelleea,1
RachhLoves,1
Radio Andy,1
Radio City India,1
Radio Times,1
Radovan Lazic,1
Raghav Digital,1
RagnBoneManVEVO,1
RAP DAILY,1
RAPSTAR,1
RDC Rajasthani,1
REPORTER LIVE,1
ROAD FIGHTING CHAMPIONSHIP,1
RPDR LIVE,1
RWhiteGoose,1
RachelPlattenVEVO,1
Quartz,1
QueensStoneAgeVEVO,1
Quicken Loans,1
Quinton Reviews,1
R Λ Z Ξ R,1
R3HAB,1
RADIO PSR,1
RAIN's Official Channel,1
Rich Music,1
RickRossVEVO,1
Ricky Dillon,1
Ricky Rebel,1
Don-P News Channel,1
DonDiablo,1
DoodleChaos,1
DoordarshanNational,1
ReelzChannel,1
RejjieSnowVEVO,1
Rella On the radio,1
Renault Sport,1
Reporter Jorina & Joe,1
RetroManCave,1
Revolt TV,1
Rich Ferguson,1
Rebel Wilson,1
Recanto Ecológico Rio da Prata,1
Recode,1
Recording Academy / GRAMMYs,1
Red Carpet News TV,1
Red Chillies Entertainment,1
Red Entertainments,1
Red boy,1
ReBoot: The Guardian Code,1
Reach Records,1
Reaction Time,1
Ready 2 Release,1
Real Engineering,1
Real Madrid,1
RealVIXX,1
Rebel Media,1
RiskyCB,1
Riverdale,1
RoadsideFlix,1
Rob Bliss,1
Rob Ronnenberg,1
RobertFrank615,1
"Rock me, Joey Santiago.",1
RocketJump,1
DreamWorksTV,1
DrewTony'Z,1
DrinkBODYARMOR,1
DuckSoss,1
Duston Ward,1
Dwarf Mamba,1
Dying Light,1
RickyMartinVEVO,1
Dr. Sandra Lee (aka Dr. Pimple Popper),1
Dr. Vivek Bindra: Motivational Speaker,1
DragTimes,1
Dragonfoxgirl,1
Drake,1
DrakeVEVO,1
DramaAlert,1
DreamCastle_629,1
DopeBoyTroy,1
DopeLyrics,1
Doritos®,1
Dorkly,1
Double Toasted,1
Doug Ellison,1
Doug Jones for Senate,1
Dr. Fire ë¥í°íì´ì´,1
Doctor Who,1
DoctorOz,1
Dolce & Gabbana,1
Domino Recording Co.,1
Domonic Smith,1
Ryan Burger,1
Ryan Canty,1
Ryan Davidson,1
Dinah Jane,1
Disney,1
Disney Descendants,1
Disney On Broadway,1
Disney XD,1
Divorce Court,1
Dj Earworm,1
Dobre Brothers,1
Royal Blood,1
Ryan,1
Diet Coke,1
Difficult Psycho,1
Digital Art,1
Digital Innovationì°í©ë´ì¤,1
DigitalFoundry,1
Dimitri Vegas & Like Mike,1
Rogue Shadow VR,1
Rohff,1
RollerCoaster Tycoon,1
Ronan McGreevy,1
Ross Kempsell,1
Roxette Arisa,1
Roy Moore for Senate,1
Royal Academy of Arts,1
SYLO: Star Wars,1
Saad Lamjarred | سعد لمجرد,1
Saberspark,1
SadeVEVO,1
Sadhguru,1
SahibNoor Singh,1
Sahithi Media,1
Saint,1
SKITTLESbrand,1
SOPHIE,1
SORTEDfood,1
SPFL,1
SRT Entertainments,1
ST Productions,1
STARZ,1
STMPD RCRDS,1
SBS 뉴스,1
SBSTVJobs,1
SELF,1
SEVENTEEN Japan official Youtube,1
SHAYTARDS,1
SIMI TV,1
SIRAH,1
SKEPTA,1
Ryan Is Driving,1
Ryan Northover,1
Ryan Taylor,1
Ryan Williams,1
SAB TV,1
SANDBOX NETWORK (ìëë°ì¤ ë¤í¸ìí¬),1
SBS Catch,1
SBS Entertainment,1
Desi Music Factory,1
Desimpedidos,1
Despierta América,1
Diana Ross Fan Club,1
Did You Know ?,1
DidYouKnowGaming?,1
Sam Sheffer,1
Samsung,1
Day TO Day,1
Daz Games,1
Deep Look,1
Dekho Dekho,1
Deko Boko,1
Demi Lovato,1
Dennis Kapatos,1
Derek Hough,1
David Archuleta,1
David Dobrik,1
David Sistaro,1
David Smithers,1
David Windestal,1
DavidBisbalVEVO,1
DavidLafargePokemon,1
Dawid Szmandra,1
Saint Louis Chess Club,1
Sakshi TV,1
Salford City Football Club,1
Salman Khan Films,1
Sam Chui,1
Sam Harris,1
Sam O'Nella Academy,1
Sam Pilgrim,1
Shade 45,1
Shameless Maya,1
Shane Park,1
Shanmukh Jaswanth,1
Sharing Media,1
Sharmaji Technical,1
Shawn Johnson East,1
Sheikh Musa,1
Sebastiaan Kulwanowski,1
See You Yang,1
Selena Gomez,1
Senator Chris Murphy,1
Seonkyoung Longest,1
Series Trailer MP,1
Seth's Bike Hacks,1
SethEverman,1
Science Magazine,1
ScoopWhoop,1
Scotty Kilmer,1
Scotty Sire,1
ScottyMcCreeryVEVO,1
Screen Team,1
Screwofficiel,1
SeanPaulVEVO,1
Samsung Deutschland,1
Sangbad Pratidin,1
Sardonicast,1
Sargon of Akkad,1
Sarthak Music,1
Sauber F1 Team,1
ScatterBrain News,1
Scene Contra,1
Dash Star,1
DatPiff,1
Dav hum,1
Dave Lee,1
Dave Naz,1
DaveEastVEVO,1
DaveHax,1
Shruti Arjun Anand,1
Dancing On Ice,1
Daniel Howell,1
DanielCaesarVEVO,1
DarkSquidge,1
Darren Criss,1
DarshanRavalDZ,1
Das Ding des Jahres,1
Dash Cam Owners Australia,1
Shreyas Media,1
DT NEWS,1
Dabba Guru,1
Daily Caller,1
Daily Diary News,1
Dallen Reber,1
DamsoVEVO,1
Dan And Shay,1
Shemaroo,1
Shemaroo Gujarati,1
ShibSibs,1
Shinedown,1
Shirley Setia,1
Shivaxi,1
Shoot for Love ìí¬ë¬ë¸,1
Shree Cine News,1
Song Of Style,1
Sonotek Bhakti,1
Sony PAL,1
SootHouse,1
Sophia and Cinzia,1
Sound Bites,1
South Front,1
Sparkee Music,1
Social Wiki,1
SodaStream,1
Sofia Reyes,1
Sofiane Officiel,1
Soju,1
Solid Gold Aquatics,1
SomeThingElseYT,1
Sonell Official,1
Slayer,1
Slooh,1
Smequle,1
Smyang Piano,1
Snapchat,1
SnowPatrolVEVO,1
So Effin Cray,1
So Fia,1
Silesian Sailor,1
Simon,1
Singing Traveller047,1
Sister Circle Live,1
Skpb K-Music Live,1
Skreiz,1
SlashFilm,1
Slate,1
Sports Highlights,1
Sports Illustrated,1
Sports Lovers n1,1
Spotify,1
Sprint,1
Squirrel Monkey,1
Sri Venkateswara Cine Chitra,1
Sridevi Movies,1
DBeatsMusicWorld,1
DC Rainmaker,1
DICKHUNTERëíí°ð¶,1
DIY Perks,1
DO YOU KNOW GANGNAMSTYLE?,1
DORITOS BLAZE vs. MTN DEW ICE,1
SpongeBOZZ,1
Sport Hub,1
CrowsEyeProductions,1
Crusoe the Celebrity Dachshund,1
CryZENx,1
Cultaholic,1
Cyprien,1
D,1
D3sports.com,1
DAILY TVSHOWBIZ HOT NEWS,1
Speak For Yourself with Cowherd and Whitlock,1
Spectra Musique,1
Cow Chop,1
CrashCourse,1
CrashRacing,1
CreepyWorld,1
CrossFit®,1
Crout TV,1
Comedy - BBC Scotland,1
Conan Gray,1
Connecting,1
Conor Maynard,1
Consequence of Sound,1
ContraPoints,1
Cool Videos,1
Corinne Leigh,1
Cody'sLab,1
Cody'sLab Backup,1
Coheed and Cambria,1
ColdFusion,1
College News Network,1
Collins Key,1
Colors TV,1
ColorsTV Promos,1
Step Up: High Water,1
Steve Topple,1
Steve1989MREInfo,1
StingVEVO,1
Stone Music Entertainment,1
Stop Autonomous Weapons,1
Cloth Map,1
Cody'sBLab,1
Sriram Murali,1
St Wilfrid's Catholic School,1
Star Kr,1
Star Wars Coffee,1
Star Wars Expanded,1
Star Wars Explained,1
Star Wars Memes,1
Stefan Molyneux,1
Christine and the Queens,1
Christopher Davis,1
Chubbyemu,1
Chunkz,1
Cimorelli,1
CineFix,1
Circus HalliGalli,1
Claire Marshall,1
Symon,1
Syracuse Orange,1
Chris Reinacher,1
Chris Rosa,1
Chris Turner,1
ChrisYoungVEVO,1
Christina Aguilera,1
Christine Sydelko,1
Summit,1
Sundeep Sharma,1
Sunny Kumar Rana,1
Sunset Television,1
SuperwomanVlogs,1
Suzy,1
Swedish_Mate,1
Swish Daily,1
Corridor,1
StoryCorps,1
Strange incident,1
Street Speed 717,1
Studio Green,1
StupidMarioBros1Fan,1
Sufficiently Advanced,1
SumerianRecords,1
TV국민일보,1
Talent Recap,1
TalkBeckyTalk,1
Talking Kitty Cat,1
Talltanic,1
Tamil,1
Tamil  Page,1
Tamil Filmibeat,1
TV Guide,1
TV One,1
TV Punjab,1
TV9 Entertainment,1
TV9 Telugu,1
TVCHOSUN,1
TVëë¤,1
TVë² ë¦¬,1
TIMES NOW,1
TLC,1
TNT,1
TORYmax,1
TRENDING WW,1
TRT World,1
TRYANGLE FILMS,1
TV Enjoy,1
Clairo,1
Cleveland Cavaliers on cleveland.com,1
Clicknetwork,1
T-Series Bhakti Sagar,1
T-Series Telugu,1
TANZVERBOT,1
TEDx Talks,1
TIKonline.de,1
Chris Hadfield's Rare Earth,1
TechCrunch,1
Technomanila,1
Techquickie,1
Telugu Filmnagar,1
Telugu Full Screen,1
Telugu Tantra,1
Ten Second Songs,1
Chelsea,1
Chelsea Manning,1
Chicago Sun-Times,1
ChildishGambinoVEVO,1
Chilly Willy,1
ChloexHalleVEVO,1
Choisissez le nom,1
Chosunbiz,1
Carter Sharer,1
Cat Lessons,1
Celebrities Lifestyle,1
CelineDionVEVO,1
Chai Bisket,1
ChangeofplanZ,1
Charlie Corts,1
Cheat Codes,1
Tamil News,1
Tanner Braungardt,1
Tanner Fox,1
Tarang Cine Productions,1
Team Films Bhojpuri,1
TeamMojang,1
Teaser PRO,1
Carrie Underwood,1
Cammie Scott,1
Campo Santo Productions,1
Candide Thovex,1
CapcomChannel,1
Capital FM,1
CaptainDisillusion,1
Car Throttle,1
Cards Against Humanity,1
COVERGIRL,1
CS Dojo,1
CVR Telugu News,1
CYNVEVO,1
Calpurnia,1
Cam'ron,1
CamVEVO,1
CameronBGC,1
The 2Inch of Gnar,1
The 2x Family,1
The ACE Family,1
The AFC Hub,1
The Amazing Lucas,1
The Atlantic,1
COM3T,1
COPA90,1
Terrormink,1
Tesla,1
Teton Gravity Research,1
ThamesTv,1
Thanthi TV,1
That Japanese Man Yuta,1
That's Surrey TV,1
The 1975,1
CLM INCH,1
CMT,1
The Opposition w/ Jordan Klepper,1
The Orchard Movies,1
The Oregonian,1
The Orville,1
The Pet Collective,1
The Punjab TV,1
CBS Evening News,1
CBS New York,1
CBS Sunday Morning,1
CC Productions97,1
CCTV春晚,1
CFL Insider,1
CHRIS-RS,1
CINEMA LOKA,1
The Lazy Studio,1
The Movie Guy,1
The Official Pokémon YouTube channel,1
The Ohana Adventure,1
CBBC,1
CBC News: The National,1
CBS,1
CBS Chicago,1
Carla Resendiz,1
Carly and Erin,1
The Cuddle Squad,1
The Céline Café,1
The Delray Misfits,1
The HunGama Films - Ab Mauj Legi Dilli,1
The Joint Forces Channel,1
The Key of Awesome,1
Bret Baier,1
Brett Domino,1
BrettYoungVEVO,1
Brian Klug,1
Broadcasting America,1
Brotatos,1
Brothers Green Eats,1
Bruce Land,1
Brand B,1
BrantleyGilbertVEVO,1
BrasherN,1
Brat,1
Bravo,1
Braxen McConnell,1
Breakfast With Champions,1
Brent Pella,1
The Star Online,1
The Summit,1
The Sydney Morning Herald,1
The Telegraph,1
The Thought Emporium,1
The Tommy Edison Experience,1
The Unipiper,1
Bramty Juliette,1
The Quint,1
The Ringer,1
The Rock,1
The Royal Family,1
The Shadowscale,1
The Sims,1
The Sports King,1
The Square to Spare,1
TheVoiceeofTruth,1
TheVoidzVEVO,1
TheWishmaster,1
Theme Park Review,1
Thijs Hearthstone,1
This Is Us,1
This Might Get,1
This Morning,1
TheKillersVEVO,1
TheNeighbourhoodVEVO,1
TheOdd1sOut,1
ThePianoGuys,1
TheSamTsui,1
TheUnlockr,1
TheVampsVEVO,1
TheViralFeverVideos,1
The Wombats,1
The Young Turks,1
The rugby channel,1
TheArkive,1
TheBackyardScientist,1
TheCubician,1
TheHoonigans,1
TheInternetVEVO,1
Bud Light,1
Budweiser,1
Business Insider UK,1
Business InsiderAu,1
The Voidz,1
The Warp Zone,1
The Weather Channel,1
The Wendy Williams Show,1
Tooniverse-í¬ëë²ì¤,1
Top 10 List,1
Top Clips YT,1
Top Gear,1
Top Korean News,1
TopTens,1
Topi The Corgi,1
ToriKellyVEVO,1
Tom Daley,1
Tom Fletcher,1
Tom Harlock,1
Tomorrowland,1
TongTongTv íµíµìì,1
Tony Baker Comedy,1
Tony Lowler,1
Tony1 Savage,1
Times Music Tamil,1
Timothy DeLaGhetto,1
Tina Nguyen,1
Titus Andronicus,1
TkyoSam,1
TmarTn2,1
To Scale:,1
TobyMacVEVO,1
Thomas Nagel,1
ThomasRhettVEVO,1
ThreeDaysGraceVEVO,1
Tide,1
Tiffany Day,1
Tim Gray,1
Tim Milgram,1
TimandFaithVEVO,1
Braille Skateboarding,1
Brain Power Studio,1
BrainfooTV,1
Townsends,1
Toyota Global,1
Toyota USA,1
Tpindell,1
Trace Cyrus,1
Bohemian Browser Ballett,1
Bollywood Backstage,1
BollywoodHungama.com,1
BonJoviVEVO,1
BookMyTV,1
Bornali NewsBD,1
Borussia Dortmund,1
Bosshaft TV,1
Blu-Ray Clips,1
Blumhouse Productions,1
Blurred Culture,1
Bob Przybylo,1
Bob The Drag Queen,1
Bobby Bones,1
Bobby Burns,1
Bodeum official,1
ToryLanezVEVO,1
Total Tollywood,1
ToveLoVEVO,1
BlocBoy JB,1
Blockbuster Movies,1
Blonded,1
Bloomberg Politics,1
Blossom,1
Twitch Moments,1
Tyrone Magnus,1
UCI,1
UEFA.tv,1
UJ,1
UK Bike Skills,1
UNINTERRUPTED,1
UNIVERSAL MUSIC JAPAN,1
Tryst Network,1
Tsukiyo Power,1
Tu Fan,1
Turkish Airlines,1
Turn10Studios,1
TutorialsGerman,1
Tv Actor's Real,1
Twin Shadow,1
Trending Now,1
TrippieReddVEVO,1
TromaMovies,1
Troom Troom SELECT,1
TroubleSeekerTeam,1
TroubleVEVO,1
Troye Sivan,1
Truthspeak,1
TraceyThornVEVO,1
Trap City,1
Trap Nation,1
TravisScottVEVO,1
Traxxy,1
TrekGenius News ertainment,1
Trend Music,1
TrendCrave,1
Blake Shelton,1
BleachersVEVO,1
Unecht Erfunden,1
Unique Vibes,1
Unit Lost - Great British Gaming,1
Universal Pictures Canada,1
Univrsal Media Pro,1
Unreal Engine,1
Bikepacking Scotland,1
Billie Eilish,1
BillieEilishVEVO,1
Billy Graham Evangelistic Association,1
BishopBriggsVEVO,1
Black Eyed Peas,1
BlackEyedPeasVEVO,1
BlackTicket Company,1
Bhojpuri Gossip,1
Bhojpuri Tube,1
Big Brother UK,1
Big Cat Rescue,1
Big Ten Network,1
BigCityBeats,1
Bigorneaux & Coquillages,1
BikePark Wales,1
USA Gymnastics,1
UTZI웃지,1
Ubisoft North America,1
Underground Sound,1
UnderneathTheNeonlights,1
Beyonce,1
Beyond the Summit,1
Bharatiya Janata Party,1
Viral Media Boost,1
VirusTornado,1
VisionTimeTamil,1
Vlogs By DK4L,1
Voca Productions,1
Voicebot,1
Volga Video,1
Voxis Productions,1
Vet Ranch,1
Vevo,1
Vevo dscvr,1
Victoria's Secret,1
Vijay Antony,1
Vinheteiro,1
Vinicius Batista de Oliveira,1
Violin MD,1
VMU Dream,1
VOsprey22,1
VS RECORDS,1
VTube Telugu,1
Vat19,1
VegedreamVEVO,1
Venus Regional,1
Verizon,1
Update Music TV,1
UrAvgConsumer,1
Us The Duo,1
V6 News Telugu,1
VANITHA,1
VICELAND,1
VIRAL IN  INDIA,1
VIVO TV - ë¹ë³´í°ë¹,1
Bethany Wilhelm,1
Bethel Music,1
WELLINGTON 51,1
WFLA News Channel 8,1
WGA West,1
WTHR,1
WUSA9,1
WXYZ-TV Detroit | Channel 7,1
Ben Rohrbach,1
BenTheBondsman,1
BerkleyLovesTori,1
Best F(r)iends,1
Best Unintentional ASMR,1
Best of Simpsons Characters,1
Beth Kobliner,1
Bethany Mota,1
BehindwoodsTV,1
BeingU Music,1
BellaThorneVEVO,1
BellyVEVO,1
Ben Actis,1
Ben Cathro,1
Ben Katz,1
Ben Pluimer,1
Vsauce,1
WAMIndiaMovies,1
BattlefrontUpdates,1
BeOurGuest,1
BeachHouseVideoZone,1
Beats by Dre,1
BeckVEVO,1
BeckyGVEVO,1
Why Don't We,1
Wiggy,1
WildTurkeyBourbon,1
William Singe,1
Wisecrack,1
Wissenswert,1
Wix.com,1
Wochit Entertainment,1
Weil wir dich lieben,1
Wengie,1
West Midlands Police,1
WhatCulture Wrestling,1
WhatsUpMoms,1
Whistle Sports,1
Whitney Avalon,1
Who Wants To Be A Millionaire?,1
Warner Música,1
Warped Perception,1
WatchTheDaily,1
WaterTower Music,1
Wave Music - Bhojpuri Movies,1
We The Unicorns,1
We support you,1
WeSpeakCycling,1
Wale,1
Walk off the Earth,1
Walking With Giants,1
Wallows,1
WalrusRider,1
War Starts at Midnight Podcast,1
Warner Bros. UK,1
Warner Music,1
WorldClassBullshitters,1
Wouldn't Change a Thing,1
Wrestling Phobia,1
X Games,1
XCageGame,1
XenonJohn,1
Xiedubbel,1
XstekkahX,1
Bandai Namco Entertainment America,1
Barcroft Animals,1
Barstool Sports,1
Basileia tou theou,1
Battle Universe,1
Battlefield,1
World Eyes,1
World Trendz,1
Baby Ariel,1
BachelorsPadTv,1
BackstreetBoysVEVO,1
BaconLegs,1
Bad Bunny,1
BaerTaffy,1
Ballislife,1
Banana Culture Music,1
Wolfe Video,1
BLIZZARDKOREA,1
BRIGHT SIDE,1
BRÅVES,1
BT Sport,1
BTS Videos,1
BUNKER 1,1
Babbu Maan,1
BBC Radio 1Xtra,1
BBC Sport,1
BETNetworks,1
BJ ë¹°ë¹ ë¼ ë² ì´ì±ë,1
BLACKPINK,1
BLACKPINKxXxBTS,1
Your Morning,1
Youth Central  Tamil,1
Azayn,1
AzzyLand,1
BABYMETAL,1
BAFTA,1
BANDAI NAMCO Entertainment Europe,1
BANDMAID,1
BBALLBREAKDOWN,1
BBC Earth Lab,1
YandelVEVO,1
Yeovil Town Football Club,1
Yes Mccan,1
Yoga With Adriene,1
Awkward Puppets,1
AxwellIngrossoVEVO,1
Aymeric Favard,1
Ayurved Tips in Hindi,1
Xyz Gyan,1
Y Not Studios,1
Y hoony,1
YGVEVO,1
YONII OFFICIAL,1
YOYO Cine Talkies,1
YOYO TV Channel,1
Yanagi19871,1
booksandquills,1
brancepethbob,1
brutalmoose,1
bulletvalentineVEVO,1
camelsandfriends,1
catgil2,1
cestrian81,1
cgriesemer,1
alt-J,1
altwork,1
antirecords,1
arvin k,1
automotivemaster1972,1
barnabydixon,1
blayze999,1
boogie2988,1
Zendaya,1
Zero Media,1
Zitta Planet,1
Zumba,1
[Toycom] í ì´ì»´,1
acaciacutie,1
adidas Football,1
akidearest,1
Youtubia TV,1
Zach King,1
Zach Simmons,1
Zcure1,1
ZeRo,1
Zebra Corner,1
Zee Music South,1
Zee Studios,1
AvE,1
Aviad Balelli,1
d d,1
dannings kat,1
davematthewsbandVEVO,1
devinsupertramp,1
dispatchsns,1
divomovies,1
Asthmatic Kitty Records,1
Attaullah Malik,1
Augray_Sorn,1
Aunty Donna,1
Auraa Cinemas,1
AusAntarctic,1
Austin Burk,1
Autocar India,1
Ariana Grande`,1
ArianaGrandeMexico,1
ArkivaShqip,1
Arre,1
Art Attack Records,1
Ash Hardell,1
Asianet,1
Assabio,1
chadnisha,1
chayanneVEVO,1
cheeseandjamsandwich,1
chris lee,1
cicigoodies2011,1
cntlu,1
coach,1
communitychannel,1
gzumwalt,1
hardknocktv,1
hbomberguy,1
heroedelahistoria,1
hifi nation,1
hmtv News,1
hotdiggedydemon,1
hp_overload,1
fullychargedshow,1
gamelovercommercials,1
gattu,1
georgegargan,1
googledoodles,1
grandayy,1
greyson97,1
gugudan,1
emma chamberlain,1
emmablackery,1
empireofthesunvevo,1
engineerguy,1
etvteluguindia,1
euronews (en français),1
foofightersVEVO,1
fosterthepeopleVEVO,1
dolly,1
dovecott,1
dumbledoor26,1
durbeyfield,1
eLL cartoons,1
earMUSIC,1
elrubiusOMG,1
emilia fart,1
ApoRed,1
Ar'mon And Trey,1
ArchD n' Bacon_,1
Arden Rose,1
jackfrags,1
jamesblakeproduction,1
jenniferhudsonVEVO,1
johnlegendVEVO,1
Anirban Dasgupta,1
Anna Saccone,1
Annapurna Channel,1
Anne-Marie,1
AnselElgortVEVO,1
Anthem Game,1
Anthem Lights,1
Aone Celebrity,1
infinitehome,1
Andre Will Do It,1
Andrew Lowe,1
Andrew M,1
Andrew Rowland,1
Anew Start,1
Animal Adventure Park,1
Animal Planet,1
hudsonunionsociety,1
huyeon_ salang,1
hwow,1
iDubbbzTV2,1
iHeartRadio,1
iamAURORAVEVO,1
ignoramusky,1
ilikeweylie,1
michele corrado,1
mikehill.design,1
mikeholder01,1
miniminter,1
minusHEADrecords,1
mittromney,1
mugumogu,1
muluguastro,1
loonatheworld,1
makeupbymichaelfinch,1
mallemalatv,1
mariahxlambily,1
markthomasbuilder,1
matt,1
melodysheep,1
miad222,1
lambofgodVEVO,1
lara6683,1
leftways,1
legofreedom1,1
leonalewis,1
lisbug,1
littlemixVEVO,1
littlerobotgirl,1
johnmayerVEVO,1
joongangilboì¤ìì¼ë³´,1
justinLITE,1
justkissmyfrog,1
kesha,1
kmlkmljkl,1
kunal gawade,1
kz,1
rock on,1
roots66,1
russabbotfan,1
samfryltd,1
secureteam10,1
seven seasons,1
shakiraVEVO,1
shgurr,1
plumwax,1
radiodisney,1
ran future,1
random guy,1
randytaylor69,1
reputationswift,1
revoxy,1
ricflairomania,1
officer401,1
official A.C.E,1
olddominionVEVO,1
ombremor,1
oregon,1
orelsan,1
paulitaale,1
pixiwoo,1
mvt.ias,1
nathanfielder,1
newstapa,1
nickjonas,1
nikefutebol,1
no titled,1
nothorwitzer,1
odontoscar1986,1
Andnowthesethings,1
sophdoesnails,1
sottozen,1
soulbrothanumbuh3,1
souviendra,1
stacyvlogs,1
standupmaths,1
strangervideo,1
Alto's Adventure,1
Amar Audio,1
Amazon.co.uk,1
Amber Liu,1
Ami Horowitz,1
Amixem,1
And TV,1
Anderson Paak,1
AlishaMarieVlogs,1
AlisonWonderlandVEVO,1
All Time Low,1
All is Art,1
AllYourScreens,1
Allie Glines,1
AlonzoVEVO,1
Alpha Entertainment,1
shinnox,1
smile -wA-,1
smoothiethecat,1
smulzie,1
son doo seongë² ì§±ì´ìí°,1
Alex French Guy Cooking,1
Alex Gilbert,1
Alex Meyers,1
xxxtentacion,1
yogottiVEVO,1
zeldaxlove64 Christina Grimmie,1
Ãn HoÃ ng LÃª,1
áá á,1
å§åçä¸å¯©èã®æ¥µã¿!,1
ê°ì¦ìì ë,1
ê°ì±ìê°,1
vnbreyes,1
vodounefekt,1
voordeel,1
way 1997,1
wdwmagic,1
weezer,1
woah11ify,1
xQcOW,1
triple j,1
tvN,1
tvìê¸´ì¬ì´ë¤,1
uhhuhhim,1
ungespielt,1
unnilunium,1
unsympathischTV,1
veritasvisuals,1
swedemason,1
thataylaa,1
the Hacksmith,1
theCHIVE,1
thegameawards,1
thekyunghyangtv,1
theoffcamerashow,1
tonyvera1902,1
ëì¡ì¡ê°ëí,1
ë´ì¤ 2.027.637í,1
ë´ì¤ ì¢í,1
ë´ì¤ê³¤ì¥,1
ë´ì¤ë²,1
ë´ì¤ë¶ì¥,1
ë´ì¤ìë¤ë¥¸,1
ë´ì¤ìì¥,1
ê¹ìì ,1
ê¹í,1
ê¹íì¼,1
ê¼°ë´,1
ëíìáá,1
ëëª°ë¼í¨ë°ë¦¬ í«ì¼,1
ë­ë§ìì¸TV,1
ë¸ëì,1
ê´ë¹ ,1
ê´ì£¼MBC,1
êµìë°,1
êµ¬ëíê¸°ê¾¹ê¾¹ì°ë¥´í¤,1
ê¶ê¸íí,1
ê¹ë©ë¦¬ì¹´,1
ê¹ë©ì£¼ì ê³ ìì´ë¤Mejoo and Cats,1
ê¹ë¯¼ìê°¤ë¬ë¦¬ DC,1
ê±°ììë¤,1
ê²ìì¬ë§,1
ê²ëë¦¬,1
ê²½ê¸°ë¨ë¶ê²½ì°°ìëë¤,1
ê²½ì  Joshua Kim,1
ê²½ì§TV,1
ê³ í's PICK,1
ê³µëì ë³ì¹ì£¼,1
ëììì¬ë°ë,1
ëë¦¼íë¬(DreamTeller),1
ëì¸ì¬,1
ë©ê³  / dingo,1
ë¼ì´ë¸ ì´ ë¼ì´ë¸,1
ë­í¹Story,1
ë¬ë ê½ë¹TV,1
ë¡¯ë°ìëíìÂ·ë¡¯ë°ìëëª°,1
Adam Smith,1
Adam's Apple,1
Adult Swim UK,1
Akashi Tv,1
Alabama Crimson Tide on AL.com,1
Albertina Luan,1
Alec Steele,1
ëë¸ë¹,1
Aaj Tak,1
Abhishek Pictures,1
Aboudrar Aziz,1
AbrahamMateoVEVO,1
Abroad in Japan,1
ActorVarunPruthi,1
Ad Council,1
Adam Neely,1
ë¤ì´ì,1
ë¤ì ,1
ë¥í°íì´ì´Dr. Fire,1
ë¬ë¹ë®¤ì¦,1
AT&T,1
ATPWorldTour,1
AU GR Entertaiment,1
AVRprankTV,1
ì­ì´ëëª»ë§ë ¤,1
ìíëë,1
ì íë¸ë¡ Sean Pablo,1
ìë¦ëëì ì¹,1
ìë¥ìë¥,1
ììì¶©,1
ìê¸°ë,1
ì¤ê¹ë¬µì,1
ë³´ê²¸ TV,1
ë¹¡ì¼TV,1
ë½ë²  ì´ì ë¬¸ì±ë ë² ,1
ì¬ë¬´ì¤ FBI,1
ì¬ì´ë¤ë´ì¤,1
ìì¸ê²½ì ì¸ Thumb,1
ìì¸ì ë¬¸ TheSeoulShinmun,1
ì­ì¬ë³µ,1
ë­ì´,1
ë¯¸ë¤ë»,1
ë¯¸ëì´ë´ê³  4K,1
ë°°ì¤,1
ë°±ìê³¨ë°©,1
ë²ë¥ì¤ëì í¬ë§ì¸ìë§ë¤ê¸°,1
ë² ë·°ë¹ìì,1
ë³ë ëë BJ,1
ë£¨ì´ ì±ë ë² ì´ë¸ë ì´ë,1
ë¥ì í,1
ë¦¬ë·°ìì´: Owl's Review,1
ë¦¬íë ì´ STUDIO LIPLAY,1
ë§ì¤í°ë°ê·¸ë¦¼,1
ë¨¹ë°©ì¤ì¿¨,1
ë¨¼ì ë¤ì¬ëì´,1
ë¬¼ì¶ê¾¸ë¦¬,1
ì ì í¸tv,1
ì íë¸ëë¬¼,1
ì´ì¤ LeeSeol,1
ì´ìì¼,1
ì´ìì ê±°ì¥,1
ì´í,1
ìì¬ì´ TV,1
ì ë° TV,1
ìí í´ë¦½,1
ì¤ìì£¼VID_,1
ì¬ë¦¬ë²ì¤,1
ìëí What The Fun,1
ìëìë§ë¸,1
ì¸ê³°,1
ì¡í,1
ì ë³ì¬,1
ì°êµ¬ë¼,1
ì¼í Tv,1
ìí¡ YangPang,1
ì¸ë¡  ììì¼ ë°ê¾¼ë¤,1
ìì¸ëì,1
ì°êµ¬ì,1
ì°í©ë´ì¤ TV,1
ìì´ ìë ¤ì£¼ë ë¨ì,1
ì¤ë¸ì¤ë´ì¤ SUBUSU NEWS,1
ì¤í ì¤í,1
ì¤íì´ì¼ê¸°,1
ì¤í°ë¹,1
ìì¤íë´ì¤,1
ì¤ê²í,1
ì¤ìê° NEWS,1
ì¬ì¿µë´ì¤,1
스브스뉴스 SUBUSU NEWS,1
시대유감TV,1
여자친구 GFRIEND OFFICIAL,1
연합뉴스 TV,1
! ì¸ìì ë¬´ì¨ì¼ì´,1
웃지 UTZI,1
특이한동물채널,1
4given4ever1,1
íì´ì´ì´ì,1
ííë í´ë½,1
íì´ì¸ë¦¬,1
íì¶ë¨,1
íì¸í¬,1
뭉구,1
& íë ì­ì¹´íì°½í ê±°ë¦¬ë¸ëë°©,1
민주역사기록소,1
ì½ë  Korner,1
ì½ë¦¬ìë¦¬ì¼,1
í¬ë¦¼íì´ë¡ì¦,1
í¤ì¦ë¬´ë¹,1
í¹ë¨¹ë°©,1
í¹ìë§¨,1
íë,1
íì½í,1
ì± ì± ì ê¹ëTV,1
ì²ì¬ì´ì¹êµ­ GeniusSKLee,1
ìµê³ ë¤ì½ë°,1
ìµëì² ì ì¤í¬ì¸ ì¼,1
ìµì°ë´,1
ì¶©ê²©ì£¼ìë³´,1
ì¹´ì¹´ì¤íì´ì§,1
ì¼ì´ TV,1
꼰뉴,1
다이슈,1
드림텔러(DreamTeller),1
리얼 스토리TV,1
리얼스토리TV,1
만물상채널,1
JacksonWangVEVO,1
Jacob Collier,1
വിശ്വാസം അതല്ലേ എല്ലാം,1
スクウェア・エニックス,1
新日本プロレスリング株式会社,1
杰威爾音樂 JVR Music,1
東宝MOVIEチャンネル,1
江苏卫视官方频道China JiangsuTV Official Channel,1
고몽,1
길바닥저널리스트,1
í¸ëë ë§ë£¨ë,1
íìë¤ë§,1
íë ¥ìTV,1
í©ê¸ì´ì  GOLD KEY,1
í´ê²ì,1
í¥ì í¥ì,1
İstanbullu Gelin,1
Никита Ордынский,1
5 Seconds of Summer,1
50 K Game Over,1
50to01 TV,1
730 WVFN,1
íì°ì¤,1
íêµ­ì¼ë³´(hankookilbo.com),1
íë³Hanbyul,1
í«ìì,1
